,owner_id,owner_url,owner_type,owner_repute,tags,score,view_count,answer_count,last_edit_date,last_activity_date,creation_date,q_id,q_link,q_title
0,10517777,https://stackoverflow.com/users/10517777/sergiomoreno,registered,25,python&python-3.x&pyhook,2,75,0,1582123125,1582123125,1576504384,59358048,https://stackoverflow.com/questions/59358048/pyhook-crashes-when-it-tries-to-interpret-the-window-name-as-ascii,Pyhook crashes when it tries to interpret the window name as ASCII
1,4404444,https://stackoverflow.com/users/4404444/fluffybunny,registered,39,amazon-web-services&vpc&aws-vpc,1,23,1,NO-DATA,1582123107,1549442697,54549570,https://stackoverflow.com/questions/54549570/rules-for-detecting-malicious-or-suspicious-vpc-flow-log-entry,Rules for detecting malicious or suspicious VPC flow log entry
2,10927160,https://stackoverflow.com/users/10927160/salah112,registered,11,android&ios&dart&flutter,1,1860,3,NO-DATA,1582123060,1547719485,54233412,https://stackoverflow.com/questions/54233412/flutter-pub-get-failed-66,Flutter: pub get failed (66)
3,328808,https://stackoverflow.com/users/328808/natan-cox,registered,1199,java&spring-boot&aop&aspectj,3,869,4,NO-DATA,1582123053,1561503753,56763066,https://stackoverflow.com/questions/56763066/how-to-test-an-aspect-with-springboottest,How to test an aspect with SpringBootTest?
4,61624,https://stackoverflow.com/users/61624/daniel-kaplan,registered,49171,javascript&typescript&aws-sdk&amazon-athena&aws-sdk-js,9,440,2,1581443593,1582122742,1563907123,57170330,https://stackoverflow.com/questions/57170330/athena-getqueryexecution-returns-a-status-of-running-for-1-minute-even-though,"athena.getQueryExecution returns a status of RUNNING for 1 minute+, even though history says the job took 4 seconds"
5,7111582,https://stackoverflow.com/users/7111582/joxs,registered,1,javascript&jquery&carousel&slick&slick.js,0,18,2,NO-DATA,1582122733,1574107693,58922150,https://stackoverflow.com/questions/58922150/is-there-any-way-to-change-the-directions-left-to-right-in-slick-carousel-defa,Is there any way to change the directions left to right in Slick carousel ? Default it goes Right to left directions
6,2716108,https://stackoverflow.com/users/2716108/suganthan-raj,registered,1440,json&ansible,1,783,1,1563256118,1582122537,1563186451,57037832,https://stackoverflow.com/questions/57037832/how-to-resolve-warningthe-value-4-type-int-in-a-string-field-was-converted-to,How to resolve WARNING:The value 4 (type int) in a string field was converted to u&#39;4&#39; (type string) in ansible?
7,12083920,https://stackoverflow.com/users/12083920/yash-sinha,registered,11,dml&ab-initio,1,58,3,1577003205,1582122451,1576046351,59280085,https://stackoverflow.com/questions/59280085/ab-initio-to-read-comma-delimited-values,Ab initio to read comma delimited values
8,12295047,https://stackoverflow.com/users/12295047/cobber,registered,33,excel&vba,2,58,0,1582122407,1582122407,1573819634,58876730,https://stackoverflow.com/questions/58876730/count-only-visible-data-after-filtering,Count only visible data after filtering
9,6708627,https://stackoverflow.com/users/6708627/codezingat,registered,177,css&sass&css-selectors&text-styling,0,173,1,1551112559,1582122357,1550224968,54706846,https://stackoverflow.com/questions/54706846/is-there-any-css-selector-to-target-last-class,Is there any CSS selector to target last class?
10,5155835,https://stackoverflow.com/users/5155835/user5155835,registered,1336,angular&typescript,19,22658,8,NO-DATA,1582122327,1564129883,57216110,https://stackoverflow.com/questions/57216110/the-angular-compiler-requires-typescript-3-4-0-and-3-5-0-but-3-5-3-was-found,The Angular Compiler requires TypeScript &gt;=3.4.0 and &lt;3.5.0 but 3.5.3 was found instead
11,12446654,https://stackoverflow.com/users/12446654/capitano-giovarco,registered,1,google-people,0,45,1,1582122029,1582122029,1574866746,59072992,https://stackoverflow.com/questions/59072992/how-to-use-sync-token-on-google-people-api,How to use sync token on Google People API
12,6117695,https://stackoverflow.com/users/6117695/marko-i,registered,689,php&wordpress&woocommerce&product&shortcode,1,63,2,1565449173,1582121973,1565437704,57441867,https://stackoverflow.com/questions/57441867/restrict-content-to-those-who-purchased-a-woocommerce-product,Restrict content to those who purchased a Woocommerce product
13,6483029,https://stackoverflow.com/users/6483029/aritradb,registered,57,java&unicode&utf-8&java-8&thai,1,154,6,NO-DATA,1582121965,1576238903,59322322,https://stackoverflow.com/questions/59322322/thai-language-is-not-showing-in-java-output,Thai language is not showing in Java output
14,9816584,https://stackoverflow.com/users/9816584/ken-h,registered,33,python&multithreading&serial-port&webkit&gtk3,0,42,2,NO-DATA,1582121787,1576176774,59311107,https://stackoverflow.com/questions/59311107/python-and-webkit-watching-serial-port-thread-how-to-avoid-core-dump-running-j,"Python and Webkit, watching serial port thread, how to avoid core dump running javascript"
15,4638829,https://stackoverflow.com/users/4638829/nelson-rivera,registered,11,scala&karate&gatling,1,238,1,1561848233,1582121712,1561844351,56821029,https://stackoverflow.com/questions/56821029/crashed-with-j-l-nullpointerexception-when-i-try-to-run-karate-gatling-test-re,Crashed with &#39;j.l.NullPointerException&#39; when i try to run karate-gatling test reports
16,11431493,https://stackoverflow.com/users/11431493/abdelrahman-gamal,registered,21,c#&wpf&xaml&material-design&material-design-in-xaml,0,973,1,1574240778,1582121640,1559213215,56376748,https://stackoverflow.com/questions/56376748/messagebox-in-material-design-wpf-c,MessageBox in material design wpf c#
17,8741,https://stackoverflow.com/users/8741/profk,registered,41090,javascript&typescript&visual-studio&visual-studio-2017&gulp,2,181,2,1582121474,1582121474,1573126126,58747823,https://stackoverflow.com/questions/58747823/duplicate-function-implementation,Duplicate Function Implementation
18,12158242,https://stackoverflow.com/users/12158242/bathan,registered,35,swift&swiftui,0,309,2,1570616834,1582121411,1570611796,58300581,https://stackoverflow.com/questions/58300581/designing-your-own-button-in-swiftui,Designing your own button in SwiftUI
19,4378591,https://stackoverflow.com/users/4378591/cbrunain,registered,169,python&ssh&paramiko,1,333,1,1561999531,1582121342,1561992957,56837898,https://stackoverflow.com/questions/56837898/python-integration-testing-using-paramiko-to-fake-a-ssh-server-and-log-the-co,"Python integration testing : Using paramiko to fake a ssh server, and log the command given to it"
20,1838257,https://stackoverflow.com/users/1838257/jorijnsmit,registered,1552,python&tensorflow&keras&tensorflow2.0&tf.keras,29,2499,3,1582121246,1582121246,1576221854,59317919,https://stackoverflow.com/questions/59317919/warningtensorflowsample-weight-modes-were-coerced-from-to,WARNING:tensorflow:sample_weight modes were coerced from ... to [&#39;...&#39;]
21,10153626,https://stackoverflow.com/users/10153626/abc,registered,461,javascript&node.js&angular&typescript&angular8,2,284,4,1573533644,1582121035,1573531177,58811819,https://stackoverflow.com/questions/58811819/how-to-fix-ng-build-project-in-angular,How to fix ng build project in angular
22,6091553,https://stackoverflow.com/users/6091553/alchi-baucha,registered,492,angular&google-chrome&blob,1,300,1,1548690363,1582121017,1548638699,54394474,https://stackoverflow.com/questions/54394474/window-open-function-works-but-immediately-closes-the-newly-opened-window,Window open function works but immediately closes the newly opened window
23,4383820,https://stackoverflow.com/users/4383820/lasitha-yapa,registered,2666,amazon-web-services&aws-lambda&aws-cdk,4,700,3,NO-DATA,1582121015,1566907446,57674293,https://stackoverflow.com/questions/57674293/lambda-cant-find-modules-from-outer-folders-when-deployed-with-cdk,Lambda can&#39;t find modules from outer folders when deployed with CDK
24,1684537,https://stackoverflow.com/users/1684537/adam-robertson,registered,487,vue.js&vuejs2&vue-component,2,1883,3,NO-DATA,1582120884,1546659563,54048767,https://stackoverflow.com/questions/54048767/passing-data-from-php-html-to-vue-component,Passing data from PHP/HTML to .vue Component
25,4332480,https://stackoverflow.com/users/4332480/nurzhan-nogerbek,registered,2625,go,0,1147,2,1582120825,1582120825,1552506190,55150064,https://stackoverflow.com/questions/55150064/how-return-null-value-to-empty-string-field,How return null value to empty string field
26,1373900,https://stackoverflow.com/users/1373900/intel-chris,registered,135,git,0,121,4,1565692233,1582120770,1565688009,57474691,https://stackoverflow.com/questions/57474691/is-there-a-way-to-uncheckout-a-branch-from-a-worktree,Is there a way to &quot;uncheckout&quot; a branch from a worktree
27,4756317,https://stackoverflow.com/users/4756317/%d0%93%d0%b5%d0%be%d1%80%d0%b3%d0%b8-%d0%90%d0%bd%d0%b3%d0%b5%d0%bb%d0%be%d0%b2,registered,152,android&android-emulator&wear-os,0,18,1,1582120710,1582120710,1571892312,58534295,https://stackoverflow.com/questions/58534295/android-wear-emulator-goes-into-ambient-mode-automatically,Android Wear emulator goes into Ambient Mode automatically
28,601537,https://stackoverflow.com/users/601537/fatherofwine,registered,827,c#&amazon-web-services&authentication&asp.net-core-2.1,0,434,1,1549399480,1582120602,1548954627,54465832,https://stackoverflow.com/questions/54465832/cookie-authentication-issue-asp-net-core-2-1-aws-load-balancing,Cookie authentication issue ASP.NET CORE 2.1. AWS load balancing
29,2594961,https://stackoverflow.com/users/2594961/yaylitzis,registered,3828,bartender,0,29,2,NO-DATA,1582120527,1574679483,59030210,https://stackoverflow.com/questions/59030210/bartender-error-web-service-requires-the-enterprise-automation-edition-or-b,Bartender error: &#39;Web Service&#39; requires the &#39;Enterprise Automation&#39; edition or better to run
30,2907715,https://stackoverflow.com/users/2907715/ielyamani,registered,12512,ios&swift&xcode&swiftui,40,30256,12,NO-DATA,1582120422,1559875082,56487323,https://stackoverflow.com/questions/56487323/make-a-vstack-fill-the-width-of-the-screen-in-swiftui,Make a VStack fill the width of the screen in SwiftUI
31,9999035,https://stackoverflow.com/users/9999035/ram-shanker-g,registered,1016,python&machine-learning&scaling&test-data&normalization,2,433,1,1551340455,1582120295,1551339869,54920707,https://stackoverflow.com/questions/54920707/how-can-i-fit-the-test-data-using-min-max-scaler-when-i-am-loading-the-model,How can I fit the test data using min max scaler when I am loading the model?
32,6311080,https://stackoverflow.com/users/6311080/md-sazid-hasan-dip,registered,534,android-studio&flutter&dart&flutter-dependencies&macos-catalina,4,2209,4,1582120160,1582120160,1571116228,58387606,https://stackoverflow.com/questions/58387606/flutter-app-running-error-dart-can-not-be-opened-developer-can-not-be-verified,"Flutter App Running Error: Dart can not be opened, Developer can not be verified after upgrading to Catalina"
33,7355988,https://stackoverflow.com/users/7355988/jaczura-zolt%c3%a1n,registered,37,c#&sql-server&unit-testing&core,0,56,1,1578047886,1582120108,1577635493,59520994,https://stackoverflow.com/questions/59520994/c-core-cannot-open-database-in-unit-test-but-db-created,C# Core Cannot open database in unit test but db created
34,365592,https://stackoverflow.com/users/365592/mortenbock,registered,462,elasticsearch&elastic-cloud,2,29,2,NO-DATA,1582120106,1576847090,59425758,https://stackoverflow.com/questions/59425758/ignoring-specific-characters-with-elasticsearch-asciifolding,Ignoring specific characters with Elasticsearch asciifolding
35,10993097,https://stackoverflow.com/users/10993097/therealtengri,registered,139,python&python-3.x&ssl&python-3.7&smtplib,0,6993,2,1567195933,1582120035,1567100074,57715289,https://stackoverflow.com/questions/57715289/how-to-fix-ssl-sslerror-ssl-wrong-version-number-wrong-version-number-ssl,How to fix ssl.SSLError: [SSL: WRONG_VERSION_NUMBER] wrong version number (_ssl.c:1056)?
36,9138395,https://stackoverflow.com/users/9138395/nariman-ermekov,registered,85,android&kotlin&android-animation&android-transitions,0,74,2,1556958624,1582119902,1556957684,55980750,https://stackoverflow.com/questions/55980750/gif-is-not-playing-after-shared-element-transition-glide-v-4-8-0,Gif is not playing after shared element transition. Glide v 4.8.0
37,10954678,https://stackoverflow.com/users/10954678/ji-ba,registered,88,android&android-widget,1,39,1,NO-DATA,1582119902,1570523745,58282808,https://stackoverflow.com/questions/58282808/is-there-something-different-widget-setting-on-android-q,Is there something different widget setting on android Q?
38,12403342,https://stackoverflow.com/users/12403342/electricwizard,registered,23,pandas,0,30,0,1582119873,1582119873,1576334262,59336085,https://stackoverflow.com/questions/59336085/percentage-variation-in-pandas,Percentage Variation in Pandas
39,12470037,https://stackoverflow.com/users/12470037/aleksli,registered,13,excel&vba,1,90,3,1582119853,1582119853,1577748002,59537880,https://stackoverflow.com/questions/59537880/remove-last-comma-from-a-cell-in-a-dynamic-range,Remove last comma from a cell in a dynamic range
40,2339966,https://stackoverflow.com/users/2339966/seb,registered,7,regex&redirect&http-status-code-301,0,21,1,NO-DATA,1582119840,1574521926,59009036,https://stackoverflow.com/questions/59009036/how-to-do-a-regex-permanent-redirection-in-htaccess,How to do a regex permanent redirection in htaccess
41,9861464,https://stackoverflow.com/users/9861464/lukeluck,registered,11,excel&vba&pdf,0,41,2,1582119695,1582119695,1573727792,58854736,https://stackoverflow.com/questions/58854736/open-a-page-in-a-pdf-using-vba-in-excel,Open a page in a pdf using VBA in Excel
42,12435934,https://stackoverflow.com/users/12435934/thinagorn,registered,3,excel&vba,0,42,1,1582119686,1582119686,1574761703,59048037,https://stackoverflow.com/questions/59048037/how-to-compare-time-values,How to compare time values?
43,6902961,https://stackoverflow.com/users/6902961/morton,registered,3246,javascript&react-native&redux&react-redux&redux-thunk,-1,187,2,1582119615,1582119615,1572436660,58624877,https://stackoverflow.com/questions/58624877/calling-an-action-triggers-multiple-reducers,Calling an action triggers multiple reducers?
44,12326428,https://stackoverflow.com/users/12326428/pedro-costa,registered,29,r&shiny&r-dygraphs,1,64,2,1574350278,1582119582,1572962648,58713038,https://stackoverflow.com/questions/58713038/how-do-i-send-multiple-dyseries-to-a-secondary-axis-based-on-checkbox-input-in-s,How do I send multiple dySeries to a secondary axis based on checkbox input in shiny?
45,7500562,https://stackoverflow.com/users/7500562/baletetree,registered,31,excel&vba&cjk,3,57,0,1582119534,1582119534,1576802969,59418643,https://stackoverflow.com/questions/59418643/how-do-i-input-chinese-text-into-vba-editor-in-excel-2010,How do I input Chinese text into VBA Editor in Excel 2010?
46,10864952,https://stackoverflow.com/users/10864952/leon-roki%c4%87,registered,51,angular&angular-material2,5,307,3,NO-DATA,1582119485,1549923336,54639981,https://stackoverflow.com/questions/54639981/angular2-custom-material-theme-in-each-lazy-loaded-submodule,Angular2: Custom material theme in each lazy loaded submodule
47,729474,https://stackoverflow.com/users/729474/missscripty,registered,333,vba&image&ms-access,1,44,0,1582119484,1582119484,1576080098,59289718,https://stackoverflow.com/questions/59289718/dynamically-show-pics-from-url,Dynamically Show Pics From URL
48,11598948,https://stackoverflow.com/users/11598948/bretauv,registered,1118,r&r-markdown&stargazer,0,43,0,1582119452,1582119452,1568842354,58000988,https://stackoverflow.com/questions/58000988/stargazer-put-several-lines-under-a-table,Stargazer: put several lines under a table
49,7168098,https://stackoverflow.com/users/7168098/berlines,registered,823,python&json&anaconda&install&standard-library,-3,1892,2,NO-DATA,1582119397,1554132074,55458507,https://stackoverflow.com/questions/55458507/json-package-not-available-in-anaconda,JSON package not available in anaconda
50,6995016,https://stackoverflow.com/users/6995016/jmiguel,registered,543,ios&xcode&xcasset,6,1738,6,1567274922,1582119324,1567274560,57740477,https://stackoverflow.com/questions/57740477/cant-assign-xcassets-to-the-main-target-on-xcode-11,Can&#39;t assign xcassets to the main target on Xcode 11
51,1217820,https://stackoverflow.com/users/1217820/snake,registered,11621,android&android-layout&bottomnavigationview,1,388,2,1546848104,1582119289,1546673051,54049897,https://stackoverflow.com/questions/54049897/how-to-add-divider-in-the-bottom-navigation-view,How to add divider in the bottom navigation view
52,1816704,https://stackoverflow.com/users/1816704/kenneth,registered,24902,javascript&fetch&aurelia,5,136,1,NO-DATA,1582119176,1560172501,56527175,https://stackoverflow.com/questions/56527175/fetch-client-redirect,Fetch client redirect
53,3783510,https://stackoverflow.com/users/3783510/rubie,registered,765,react-native&react-native-flatlist&react-native-elements,3,2513,5,NO-DATA,1582119123,1553253220,55298422,https://stackoverflow.com/questions/55298422/react-native-flatlist-not-scrolling-to-end,React Native FlatList not scrolling to end
54,8060667,https://stackoverflow.com/users/8060667/jorge-m-nures,registered,438,angular&jhipster,0,519,2,1550090699,1582118979,1550087587,54678369,https://stackoverflow.com/questions/54678369/jhipster-jhihasanyauthority-directive-check-for-no-authority,JHipster *jhiHasAnyAuthority directive check for &quot;no authority&quot;
55,2287486,https://stackoverflow.com/users/2287486/pari,registered,341,python&tf-idf&tfidfvectorizer,0,80,1,NO-DATA,1582118800,1552122099,55075674,https://stackoverflow.com/questions/55075674/what-does-column-represent-in-tfidf-matrix,what does column represent in tfidf matrix?
56,1091302,https://stackoverflow.com/users/1091302/lcj,registered,107,android&android-studio&wear-os,0,21,1,NO-DATA,1582118747,1571526555,58468754,https://stackoverflow.com/questions/58468754/android-wearos-program-structure,Android/WearOS Program Structure
57,11630267,https://stackoverflow.com/users/11630267/abhilash-km,registered,89,laravel&token&passport.js,0,30,2,NO-DATA,1582118694,1571135783,58392685,https://stackoverflow.com/questions/58392685/what-need-to-pass-for-logout-passport-function,What Need to Pass for Logout Passport Function
58,6182475,https://stackoverflow.com/users/6182475/burndowntheigloo,registered,415,firebase&google-cloud-firestore&google-cloud-functions&google-oauth&firebase-cli,31,7372,8,1574545311,1582118632,1569558468,58127896,https://stackoverflow.com/questions/58127896/error-could-not-load-the-default-credentials-firebase-function-to-firestore,Error: Could not load the default credentials (Firebase function to firestore)
59,3931314,https://stackoverflow.com/users/3931314/user3931314,registered,99,here-api&here-maps-rest,0,90,1,NO-DATA,1582118585,1559770378,56468308,https://stackoverflow.com/questions/56468308/here-maps-autocomplete-geocode-has-some-strange-issue-with-language-translation,Here Maps autocomplete geocode has some strange issue with language translation
60,7801616,https://stackoverflow.com/users/7801616/fenil-shah,registered,1,azure&powershell&azure-elasticpool,0,38,2,NO-DATA,1582118569,1555590030,55745918,https://stackoverflow.com/questions/55745918/getting-error-at-the-time-of-use-azuresqljobconnection-currentazuresubscription,Getting error at the time of Use-AzureSqlJobConnection -CurrentAzureSubscription
61,10311873,https://stackoverflow.com/users/10311873/irbis,registered,734,c++&googletest&gmock,0,451,2,1563267672,1582118557,1563225812,57047377,https://stackoverflow.com/questions/57047377/gmock-how-to-mock-function-with-noexcept-specifier,gmock - how to mock function with noexcept specifier
62,11584728,https://stackoverflow.com/users/11584728/shahrear-bin-amin,registered,325,node.js&firebase&google-cloud-functions,0,61,2,1564722184,1582118499,1564706921,57318668,https://stackoverflow.com/questions/57318668/showing-unexpected-token-admin-error-although-admin-is-declared,Showing &quot;unexpected token admin&quot; error although admin is declared
63,10537267,https://stackoverflow.com/users/10537267/tarun-narayanan,registered,11,python&pandas&beautifulsoup&multiprocessing&tqdm,1,25,0,1582118498,1582118498,1576945857,59437942,https://stackoverflow.com/questions/59437942/ignore-connectionerror-while-scraping,Ignore ConnectionError while scraping
64,2861702,https://stackoverflow.com/users/2861702/jorgeblom,registered,2256,cloud&microservices&api-gateway,0,35,2,NO-DATA,1582118429,1574072052,58912213,https://stackoverflow.com/questions/58912213/service-to-service-communication-api-gateway-vs-service-mesh,Service-to-service communication: API Gateway vs. Service Mesh
65,6813231,https://stackoverflow.com/users/6813231/a-subscriber,registered,4120,android-studio-3.0&google-maps-api-2,0,22,1,1582118367,1582118367,1576828885,59421741,https://stackoverflow.com/questions/59421741/google-maps-android-api-authorization-failure,Google Maps Android API: Authorization failure
66,3284080,https://stackoverflow.com/users/3284080/lucas-couto,registered,1,android&storage-access-framework,0,69,2,NO-DATA,1582118363,1569427218,58102406,https://stackoverflow.com/questions/58102406/cant-figure-out-how-to-use-action-view-and-storage-access-framework-together,Can&#39;t figure out how to use ACTION_VIEW and Storage Access Framework together
67,12519678,https://stackoverflow.com/users/12519678/bailey-payne,registered,11,python&sql&pandas&sqlite,1,31,0,1582118316,1582118316,1576082131,59290267,https://stackoverflow.com/questions/59290267/incorrect-number-of-bindings-on-sql-query-using-panda-read-sql,Incorrect Number of Bindings on SQL Query using Panda Read SQL
68,8733503,https://stackoverflow.com/users/8733503/natasha-perera,registered,103,javascript&html&textarea&spotfire,0,155,2,1562107684,1582118157,1562079495,56855220,https://stackoverflow.com/questions/56855220/how-to-assign-colors-to-table-cells-depending-on-their-values-in-spotfire,How to assign colors to table cells depending on their values in Spotfire
69,NO-DATA,NO-DATA,does_not_exist,NO-DATA,docker&ubuntu&snappy,1,551,2,NO-DATA,1582118147,1560358629,56567083,https://stackoverflow.com/questions/56567083/unable-to-prepare-context-unable-to-evaluate-symlinks-in-dockerfile-path-lstat,unable to prepare context: unable to evaluate symlinks in Dockerfile path: lstat /var/lib/snapd/void/Dockerfile: no such file or directory
70,4456697,https://stackoverflow.com/users/4456697/steve-kim,registered,3654,flutter&dart&stateless&bloc,5,278,2,NO-DATA,1582118147,1573761626,58864869,https://stackoverflow.com/questions/58864869/flutter-state-management-bloc-stateless-vs-stateful-widget,Flutter State Management (BloC): Stateless vs Stateful widget
71,9899140,https://stackoverflow.com/users/9899140/m-e,registered,11,latex,1,434,1,1556295562,1582117816,1556024356,55811829,https://stackoverflow.com/questions/55811829/latex-unwanted-itemize-indentation-on-first-element,LaTeX unwanted itemize indentation on first element
72,6354892,https://stackoverflow.com/users/6354892/dhaval,registered,302,node.js&mongodb&mongoose&mongodb-query,0,46,2,NO-DATA,1582117813,1575464625,59176716,https://stackoverflow.com/questions/59176716/how-can-use-count-sum-1-in-other-custom-field-with-group-in-mongodb,How can use count/{$sum: 1} in other custom field with $group in mongoDB?
73,11306005,https://stackoverflow.com/users/11306005/helpper,registered,404,java&android&amazon-s3,2,256,2,NO-DATA,1582117653,1568796946,57988814,https://stackoverflow.com/questions/57988814/how-to-integrate-aws-s3-to-my-android-app,How to integrate aws S3 to my android app?
74,12091371,https://stackoverflow.com/users/12091371/lonnie-waugh,registered,21,php&google-sheets-api&gsuite,2,68,1,NO-DATA,1582117633,1568909002,58014973,https://stackoverflow.com/questions/58014973/accessing-google-sheets-via-the-php-api-on-a-g-suite-account,Accessing google sheets via the PHP API on a G-Suite account
75,11726290,https://stackoverflow.com/users/11726290/meowinginabucket,registered,35,javascript&python&leaflet&folium,2,363,1,NO-DATA,1582117517,1562015838,56842575,https://stackoverflow.com/questions/56842575/how-to-display-averages-instead-of-counts-on-folium-markerclusters,How to display averages instead of counts on folium MarkerClusters?
76,931639,https://stackoverflow.com/users/931639/boe-dev,registered,1435,android&android-emulator&android-source,1,135,0,1573349168,1582117339,1573336500,58783859,https://stackoverflow.com/questions/58783859/aosp-build-emulator-does-not-start-shows-black-screen,AOSP build emulator does not start/shows black screen
77,7997299,https://stackoverflow.com/users/7997299/lord-anubis,registered,133,geometry&overlay&swiftui,2,1202,1,1582117179,1582117179,1560695077,56619718,https://stackoverflow.com/questions/56619718/in-swiftui-how-to-determine-a-circles-size-to-draw-a-overlay-on-scale-with-t,"In SwiftUI, how to determine a Circle()&#39;s size to draw a overlay on scale with that circle?"
78,9461724,https://stackoverflow.com/users/9461724/pajtimid,registered,131,swift&xcode&firebase&push-notification&ios13,4,3234,7,1570173868,1582116856,1570006710,58198340,https://stackoverflow.com/questions/58198340/firebase-push-notifications-dont-work-on-ios-13,Firebase Push notifications don&#39;t work on iOS 13
79,10724050,https://stackoverflow.com/users/10724050/alice,registered,171,python&tensorflow&keras&keras-layer&tf.keras,12,17776,10,1554298446,1582116770,1554297826,55496289,https://stackoverflow.com/questions/55496289/how-to-fix-attributeerror-module-tensorflow-has-no-attribute-get-default-gr,How to fix &quot;AttributeError: module &#39;tensorflow&#39; has no attribute &#39;get_default_graph&#39;&quot;?
80,11364507,https://stackoverflow.com/users/11364507/naveen-manikannan,registered,35,graphql&graphql-js&express-graphql,3,265,1,1556213314,1582116721,1556212063,55854430,https://stackoverflow.com/questions/55854430/explanation-for-different-implementations-of-resolver-function-in-graphql,Explanation for different implementations of resolver function in graphql
81,8270077,https://stackoverflow.com/users/8270077/user8270077,registered,2175,python&xgboost,0,262,2,1555760741,1582116688,1550223814,54706513,https://stackoverflow.com/questions/54706513/xgboost-in-python-is-not-returning-importance-of-features-despite-what-is-referr,xgboost in Python is not returning importance of features despite what is referred in the documentation
82,1008642,https://stackoverflow.com/users/1008642/iwnnay,registered,1287,cygwin&jestjs,0,503,4,1550738505,1582116657,1550537218,54757386,https://stackoverflow.com/questions/54757386/watch-is-not-supported-without-git-hg-with-cygwin-jest-and-git,&quot;--watch is not supported without git/hg&quot; with cygwin jest and git
83,7895590,https://stackoverflow.com/users/7895590/yongu,registered,522,python&seaborn,1,164,3,1573411023,1582116480,1573409573,58791567,https://stackoverflow.com/questions/58791567/how-can-a-circle-be-drawn-over-a-seaborn-plot,How can a circle be drawn over a Seaborn plot?
84,11446083,https://stackoverflow.com/users/11446083/prakash-nayak,registered,13,dataframe&pyspark&product,0,231,3,1556870453,1582116189,1556870115,55965486,https://stackoverflow.com/questions/55965486/cumulative-product-in-pyspark-data-frame,cumulative product in pySpark data frame
85,5432315,https://stackoverflow.com/users/5432315/brad-turek,registered,1199,image&javafx&memory&bitmap&clipboard,24,428,0,1554962727,1582116177,1551758465,54995198,https://stackoverflow.com/questions/54995198/how-do-i-correctly-get-an-image-from-the-clipboard-in-javafx-what-is-the-differ,How do I correctly get an Image from the Clipboard in JavaFX; What is the difference between applications that struggle and those that don&#39;t?
86,8185124,https://stackoverflow.com/users/8185124/rahul-mishra,registered,254,android&android-toolbar&android-coordinatorlayout&android-collapsingtoolbarlayout&android-appbarlayout,0,31,0,NO-DATA,1582116043,1564235892,57232800,https://stackoverflow.com/questions/57232800/appbar-layout-expands-automatically-when-view-visibility-is-changed-from-gone-to,AppBar Layout Expands Automatically when View visibility is changed from Gone to Visible on runtime
87,5933587,https://stackoverflow.com/users/5933587/boney,registered,1538,javascript&arrays&node.js,4,2060,4,1581386949,1582116035,1556173814,55843097,https://stackoverflow.com/questions/55843097/does-spread-operator-affect-performance,Does spread operator affect performance?
88,467650,https://stackoverflow.com/users/467650/roy-solberg,registered,10746,android&android-studio&gradle&android-ndk,1,497,1,1560762567,1582115964,1560762227,56628070,https://stackoverflow.com/questions/56628070/find-source-of-ndkcompile-is-no-longer-supported,Find source of &quot;NdkCompile is no longer supported&quot;
89,12581323,https://stackoverflow.com/users/12581323/vasil001,registered,341,node.js&angular&npm&mean-stack&node-modules,34,15359,7,1577054887,1582115844,1577045083,59447679,https://stackoverflow.com/questions/59447679/an-unhandled-exception-occurred-job-name-getprojectmetadata-does-not-exist,An unhandled exception occurred: Job name &quot;..getProjectMetadata&quot; does not exist
90,7975694,https://stackoverflow.com/users/7975694/felistas-waceera,registered,17,twilio&twilio-functions,1,180,2,NO-DATA,1582115641,1573367379,58786287,https://stackoverflow.com/questions/58786287/cannot-find-module-sendgrid-mail,Cannot find module &quot;@sendgrid/mail&quot;
91,11739394,https://stackoverflow.com/users/11739394/user2019,registered,1,postgresql&high-availability,0,94,1,NO-DATA,1582115637,1562265701,56892997,https://stackoverflow.com/questions/56892997/how-to-do-active-active-ha-node-setup-in-postgresql,How to do active active HA node setup in Postgresql
92,8890822,https://stackoverflow.com/users/8890822/tom,registered,131,python&pandas&dataframe&for-loop,2,1056,2,NO-DATA,1582115545,1551607617,54967685,https://stackoverflow.com/questions/54967685/assign-values-with-for-loops-to-pandas-dataframe-columns,Assign values with for loops to pandas DataFrame columns
93,10593053,https://stackoverflow.com/users/10593053/leemur,registered,2523,ios&objective-c&wkwebview,215,38293,11,1580227031,1582115520,1570704271,58321114,https://stackoverflow.com/questions/58321114/why-i-get-the-console-warning-process-kill-returned-unexpected-error-1-when,Why I get the console warning: [Process] kill() returned unexpected error 1 when I load a WKWebView in iOS13.2?
94,10656340,https://stackoverflow.com/users/10656340/jayd,registered,350,oracle-apps,0,19,1,NO-DATA,1582115342,1566547508,57622104,https://stackoverflow.com/questions/57622104/how-is-an-event-triggered-for-a-service-in-oracle-brm,how is an event triggered for a service in oracle brm
95,10144541,https://stackoverflow.com/users/10144541/datacruncher,registered,135,elasticsearch,0,64,1,NO-DATA,1582115302,1553590746,55353176,https://stackoverflow.com/questions/55353176/elasticsearch-ctx-append-json-object-to-array,Elasticsearch ctx append json object to array
96,5906944,https://stackoverflow.com/users/5906944/chethana-r,registered,21,google-signin,2,61,1,NO-DATA,1582115242,1571924863,58542815,https://stackoverflow.com/questions/58542815/is-the-google-signin-framework-available-with-mac-catalyst-support,Is the Google SignIn framework available with mac catalyst support?
97,5059657,https://stackoverflow.com/users/5059657/alexander-staroselsky,registered,20492,c#&json&asp.net-core&system.text.json,11,6940,5,1574778741,1582115123,1571600719,58476681,https://stackoverflow.com/questions/58476681/asp-net-core-3-0-system-text-json-camel-case-serialization,ASP.NET Core 3.0 System.Text.Json Camel Case Serialization
98,10489064,https://stackoverflow.com/users/10489064/mrinali,registered,31,python&matplotlib&google-colaboratory,0,93,1,NO-DATA,1582114935,1573979050,58898744,https://stackoverflow.com/questions/58898744/does-matplotlib-qt-works-in-google-colab,Does %matplotlib qt works in google colab?
99,1236326,https://stackoverflow.com/users/1236326/progirlxoxo,registered,1428,kubernetes&kubectl&amazon-eks&kubernetes-secrets&eks,2,513,3,NO-DATA,1582114801,1555024003,55642384,https://stackoverflow.com/questions/55642384/how-to-refresh-worker-secrets-without-killing-deployment,How to Refresh Worker Secrets Without Killing Deployment?
100,764914,https://stackoverflow.com/users/764914/dibo,registered,1019,java&android&android-intent&android-contentresolver,4,280,1,1582114532,1582114532,1547313051,54161951,https://stackoverflow.com/questions/54161951/unsupported-uri-in-contentresolver-when-passing-uri-returned-by-intent,Unsupported Uri in ContentResolver when passing Uri returned by Intent
101,12202740,https://stackoverflow.com/users/12202740/ade-owolaike,registered,57,javascript&php&grapesjs,0,96,1,NO-DATA,1582114471,1573834118,58880795,https://stackoverflow.com/questions/58880795/load-remote-html-file-into-grapesjs,load remote html file into grapesjs
102,7405844,https://stackoverflow.com/users/7405844/piosek,registered,70,javascript&ssl&https&server&nuxt.js,0,681,1,1554038196,1582114469,1554030297,55440261,https://stackoverflow.com/questions/55440261/nuxt-js-problem-with-server-side-api-call-with-https,Nuxt.js problem with server-side API call with https
103,7828078,https://stackoverflow.com/users/7828078/kiss-g%c3%a1bor,registered,33,angular&angular-material,2,614,4,1565877351,1582114439,1565874053,57510066,https://stackoverflow.com/questions/57510066/how-can-i-catch-the-material-datepicker-month-pagination-event,How can I catch the Material Datepicker month pagination event?
104,8549915,https://stackoverflow.com/users/8549915/ankit-chauhan,registered,29,javascript&angular&angular5&angular6&lazy-loading,0,4305,2,1561978217,1582114400,1546570593,54032582,https://stackoverflow.com/questions/54032582/how-to-solve-error-component-is-not-part-of-any-ngmodule-or-not-imported-correct,How to solve error Component is not part of any NgModule or not imported correctly in angular 6?
105,11880081,https://stackoverflow.com/users/11880081/arnav-das,registered,31,dictionary&karnaugh-map,1,29,2,1574991509,1582114364,1574969006,59095140,https://stackoverflow.com/questions/59095140/when-do-karnaugh-map-terms-make-no-groups,When do Karnaugh Map terms make no groups?
106,7764214,https://stackoverflow.com/users/7764214/mehmet-kurtgoz,registered,97,android&android-mediascanner,4,367,3,1582113974,1582113974,1565939204,57520273,https://stackoverflow.com/questions/57520273/android-media-scanner-not-working-on-api-28-29,Android - Media Scanner not working on api 28-29
107,12201771,https://stackoverflow.com/users/12201771/nasser-eddine-monir,registered,21,jupyter-notebook&anaconda&macos-catalina,2,3007,3,NO-DATA,1582113892,1570805440,58343761,https://stackoverflow.com/questions/58343761/how-can-i-use-jupyter-notebook-on-macos-catalina-without-anaconda,How can I use Jupyter Notebook on macOS Catalina (without anaconda)?
108,1280840,https://stackoverflow.com/users/1280840/djdave,registered,641,regex&ssh&fingerprint&winscp&winscp-net,1,90,1,1573630477,1582113881,1573573775,58822138,https://stackoverflow.com/questions/58822138/why-does-this-ssh-host-key-fingerprint-not-match-the-pattern-when-using-winscp,Why does this SSH host key fingerprint not match the pattern when using WinSCP .NET assembly
109,9262402,https://stackoverflow.com/users/9262402/rafsan-sadman,registered,27,python-3.x&ipython&spyder,0,3168,3,NO-DATA,1582113719,1577258940,59476165,https://stackoverflow.com/questions/59476165/typeerror-init-got-an-unexpected-keyword-argument-categorical-features,TypeError: __init__() got an unexpected keyword argument &#39;categorical_features&#39;
110,10371049,https://stackoverflow.com/users/10371049/gowtham-babu,registered,19,ssl&curl&splunk&collectd,1,110,1,NO-DATA,1582113693,1564164332,57225079,https://stackoverflow.com/questions/57225079/curl-from-write-http-plugin-of-collectd-is-not-working,curl from Write_http plugin of collectd is not working
111,11232319,https://stackoverflow.com/users/11232319/bunny,registered,516,flutter,4,3118,5,NO-DATA,1582113239,1554363251,55510244,https://stackoverflow.com/questions/55510244/flutter-how-do-i-change-main-dartentry-point-to-some-other-page-in-flutter,Flutter : How do i change main.dart(entry point) to some other page in Flutter?
112,9634950,https://stackoverflow.com/users/9634950/melvin-levett,registered,73,python&networking&scapy,1,1387,1,1552024347,1582113208,1552023756,55057348,https://stackoverflow.com/questions/55057348/how-to-control-scapy-sending-packets-speed,How to control Scapy sending packets speed?
113,3195156,https://stackoverflow.com/users/3195156/sflow,registered,397,android&react-native&android-gradle-plugin&react-native-android,3,1519,3,1565187437,1582113186,1565163799,57389328,https://stackoverflow.com/questions/57389328/compilesdkversion-is-not-specified-error-in-react-native-android,compileSdkVersion is not specified error in React Native Android
114,11021724,https://stackoverflow.com/users/11021724/ravi-teja,registered,31,c++&c&cmake&protocol-buffers&spack,3,503,3,1582054530,1582112964,1551949223,55039756,https://stackoverflow.com/questions/55039756/could-not-find-protobuf-missing-protobuf-protoc-executable,Could NOT find Protobuf (missing: Protobuf_PROTOC_EXECUTABLE)
115,4838002,https://stackoverflow.com/users/4838002/mikmik,registered,678,c&compilation&linker,0,43,1,NO-DATA,1582112717,1562310999,56898270,https://stackoverflow.com/questions/56898270/windriver-compiler-linker-file-regex,Windriver compiler linker file regex
116,5337094,https://stackoverflow.com/users/5337094/yhondri,registered,247,swift&colors&textcolor&swiftui,2,5979,2,NO-DATA,1582112696,1561205870,56715398,https://stackoverflow.com/questions/56715398/swiftui-how-do-i-change-the-text-color-of-a-textfield,SwiftUI - How do I change the text color of a Textfield?
117,5433178,https://stackoverflow.com/users/5433178/ani,registered,1904,mysql&node.js&amazon-web-services&npm&aws-lambda,0,282,1,1564052033,1582112508,1564051510,57200149,https://stackoverflow.com/questions/57200149/aws-lambda-error-quit-inactivity-timeout-at-quit,AWS Lambda Error: Quit inactivity timeout at Quit
118,2306415,https://stackoverflow.com/users/2306415/simon-clough,registered,457,android&react-native&visual-studio-app-center,2,263,1,NO-DATA,1582112453,1560377177,56570961,https://stackoverflow.com/questions/56570961/app-center-shows-no-build-variants-for-react-native-android,App Center shows no build variants for React Native Android
119,11783491,https://stackoverflow.com/users/11783491/kacko,registered,16,java&sap&activex&jacob,0,106,1,1563207597,1582112063,1563133028,57030545,https://stackoverflow.com/questions/57030545/how-to-make-a-method-for-that-part-of-sap-gui-script-using-java-and-jni,How to make a method for that part of SAP-GUI script using Java and JNI?
120,12546847,https://stackoverflow.com/users/12546847/siyadh-shafee,registered,21,java&selenium-webdriver&querystringparameter,0,56,1,1576685864,1582111855,1576514858,59360936,https://stackoverflow.com/questions/59360936/can-we-use-selenium-or-any-other-jars-to-get-network-response-and-validate,Can we use Selenium or any other jars to get network response and validate
121,5915270,https://stackoverflow.com/users/5915270/shamane-siriwardhana,registered,2590,python&tensorflow&loss-function,0,97,1,NO-DATA,1582111765,1547356983,54166297,https://stackoverflow.com/questions/54166297/how-to-implement-the-negative-binomial-likely-hood-function-in-tensorflow-and-us,How to implement the negative binomial likely hood function in tensorflow and use it as the loss function to train an RNN?
122,11657650,https://stackoverflow.com/users/11657650/andr%c3%a9,registered,13,android&protocol-buffers&grpc&protobuf-java,1,257,2,1574176236,1582111708,1574175323,58936819,https://stackoverflow.com/questions/58936819/grpc-client-error-in-compiled-file-io-grpc-protobuf-does-not-exist,gRPC client: error in compiled file (io.grpc.protobuf does not exist)
123,10698393,https://stackoverflow.com/users/10698393/alex-chong,registered,201,firebase&react-native&firebase-realtime-database&google-cloud-functions&expo,0,106,2,1549529527,1582111530,1549524571,54568294,https://stackoverflow.com/questions/54568294/error-unexpected-function-expression-when-firebase-deploy,ERROR Unexpected function expression when &quot;firebase deploy&quot;
124,2795999,https://stackoverflow.com/users/2795999/jose-ch,registered,3476,javascript&ios&safari&accessibility&voiceover,1,83,2,1582093574,1582111441,1568188802,57884644,https://stackoverflow.com/questions/57884644/ios-safari-voiceover-how-to-read-dynamic-content,iOS Safari VoiceOver - How to read dynamic content?
125,10544893,https://stackoverflow.com/users/10544893/3br10ee032,registered,39,python&amazon-web-services&lambda&aws-lambda&boto3,2,270,2,1548951985,1582111427,1548817287,54432785,https://stackoverflow.com/questions/54432785/using-two-python-functions-boto3-in-a-single-aws-lambda,Using two python functions boto3 in a single AWS Lambda
126,11923025,https://stackoverflow.com/users/11923025/phenderbender,registered,57,hadoop&hive&hdfs&hiveql&hadoop-partitioning,0,83,3,NO-DATA,1582111299,1573514642,58809968,https://stackoverflow.com/questions/58809968/best-option-for-merging-multiple-files-within-the-same-partition-in-hadoop,Best option for merging multiple files within the same partition in hadoop?
127,9074091,https://stackoverflow.com/users/9074091/chaouki-anass,registered,279,android,9,4590,3,1564558271,1582111291,1564510507,57277759,https://stackoverflow.com/questions/57277759/getactivenetworkinfo-is-deprecated-in-api-29,getActiveNetworkInfo() is deprecated in API 29
128,10408494,https://stackoverflow.com/users/10408494/roland-lariotte,registered,324,swift&extension-methods&uialertcontroller&uiactionsheet&uialertaction,-1,311,4,1560439579,1582111106,1560422826,56578783,https://stackoverflow.com/questions/56578783/how-to-create-a-reusable-uialert-actionsheet-as-an-uiviewcontroller-extension,How to create a reusable UIAlert ActionSheet as an UIViewController extension?
129,10981137,https://stackoverflow.com/users/10981137/doodoo,registered,31,html&css&background-image&background-color,2,585,4,1568294047,1582111005,1548707584,54409874,https://stackoverflow.com/questions/54409874/how-to-make-background-color-same-as-image,How to make background color same as image?
130,4115530,https://stackoverflow.com/users/4115530/david-pina,registered,1211,mongodb&macos&terminal,43,16495,7,NO-DATA,1582110786,1569012199,58034955,https://stackoverflow.com/questions/58034955/read-only-file-system-when-attempting-mkdir-data-db-on-mac,Read-only file system when attempting mkdir /data/db on Mac
131,8295040,https://stackoverflow.com/users/8295040/oleh-h,registered,103,swift&localization&swiftui&xcode11.1,5,1836,4,NO-DATA,1582110786,1572170681,58578341,https://stackoverflow.com/questions/58578341/how-to-implement-localization-in-swift-ui,How to implement localization in Swift UI
132,662228,https://stackoverflow.com/users/662228/cmart,registered,844,angular&ngxs,2,423,2,1562165186,1582110742,1562164873,56872587,https://stackoverflow.com/questions/56872587/handling-errors-in-ngxs-angular-with-global-error-handler,Handling errors in NGXS (angular) with global error handler
133,1956558,https://stackoverflow.com/users/1956558/juliatzin-del-toro,registered,11003,spring-boot&ssl,1,1153,1,1572340511,1582110668,1572282838,58595470,https://stackoverflow.com/questions/58595470/bad-request-this-combination-of-host-and-port-requires-tls-with-spring-boot,Bad Request - This combination of host and port requires TLS. with Spring Boot
134,10866877,https://stackoverflow.com/users/10866877/caption-newt,registered,573,ios&swift&kingfisher,1,1110,3,1548422416,1582110505,1548421490,54365906,https://stackoverflow.com/questions/54365906/cannot-convert-value-of-type-to-expected-argument-type-completionha,Cannot convert value of type &#39;(_) -&gt; ()&#39; to expected argument type &#39;CompletionHandler?&#39; using KingFisher Swift
135,4830954,https://stackoverflow.com/users/4830954/cdw100100,registered,172,python&multithreading&tkinter&queue,0,33,1,NO-DATA,1582110348,1549940421,54642225,https://stackoverflow.com/questions/54642225/no-item-in-queue-but-there-should-be-python-threading,No item in queue but there should be python threading
136,4601149,https://stackoverflow.com/users/4601149/dan,registered,5058,git&unity3d&version-control,1,147,1,1569253154,1582110313,1569231596,58059616,https://stackoverflow.com/questions/58059616/version-control-of-packages-in-unity-2019,Version control of packages in Unity 2019
137,1951253,https://stackoverflow.com/users/1951253/peter-j-langley,registered,105,amazon-web-services&terraform&amazon-cognito&terraform-provider-aws&infrastructure-as-code,1,257,2,NO-DATA,1582110198,1575146260,59120055,https://stackoverflow.com/questions/59120055/set-account-recovery-preference-for-aws-cognito-user-pool-with-terraform,Set account recovery preference for AWS Cognito User Pool with Terraform
138,2288520,https://stackoverflow.com/users/2288520/john,registered,171,python&tensorflow&metadata,2,84,0,1582110170,1582110170,1573086066,58740252,https://stackoverflow.com/questions/58740252/how-do-i-save-metadata-to-a-tensorflow-keras-model-in-python,How do I save metadata to a Tensorflow Keras model in python?
139,4354062,https://stackoverflow.com/users/4354062/harish,registered,115,spring&hibernate&jpa,0,51,2,1559148719,1582110137,1559148196,56365169,https://stackoverflow.com/questions/56365169/how-to-implement-listagg-function-in-hibernate-5-0-1-without-using-native-query,How to implement listagg function in hibernate 5.0.1 without using native query
140,4830954,https://stackoverflow.com/users/4830954/cdw100100,registered,172,python&sockets&encryption&aes,1,89,1,1550371696,1582110119,1550328739,54724292,https://stackoverflow.com/questions/54724292/data-getting-corrupted-over-aes-file-transfer-python-tkinter,Data getting corrupted over aes file transfer python tkinter
141,11439679,https://stackoverflow.com/users/11439679/rishabh,registered,1,postgresql&centos&centos7&postgresql-9.2&postgresql-10,0,1055,0,1556767795,1582109933,1556767702,55945292,https://stackoverflow.com/questions/55945292/is-it-possible-to-update-postgresql-from-version-9-2-to-10-on-centos,Is it Possible to update Postgresql from version 9.2 to 10 on centos
142,5548416,https://stackoverflow.com/users/5548416/nikolas-soares,registered,139,spring-boot&cookies&samesite,3,11316,3,1582109897,1582109897,1571103291,58386069,https://stackoverflow.com/questions/58386069/how-to-set-same-site-cookie-flag-in-spring-boot,How to set same-site cookie flag in Spring Boot?
143,4723484,https://stackoverflow.com/users/4723484/temp,registered,175,swift&xcode&macos&cocoa,1,60,1,NO-DATA,1582109893,1564758467,57329162,https://stackoverflow.com/questions/57329162/how-to-toggle-sidebar-container-for-mac-application-development-using-swift,How to toggle sidebar container for mac application development using Swift?
144,10909844,https://stackoverflow.com/users/10909844/tpikachu,registered,450,node.js&ubuntu&devops&puppeteer&digital-ocean,0,62,1,1577096504,1582109806,1577095741,59453443,https://stackoverflow.com/questions/59453443/resolving-neterr-tunnel-connection-failed-at-ubuntu-server,Resolving net::ERR_TUNNEL_CONNECTION_FAILED at Ubuntu Server
145,9547658,https://stackoverflow.com/users/9547658/jonas,registered,2047,dart&flutter,13,6434,6,NO-DATA,1582109782,1550611281,54775097,https://stackoverflow.com/questions/54775097/formatting-a-duration-like-hhmmss,Formatting a Duration like HH:mm:ss
146,6951110,https://stackoverflow.com/users/6951110/john-mutuma,registered,807,javascript&node.js&npm&package-lock.json,27,18332,2,1569443134,1582109745,1547106618,54124033,https://stackoverflow.com/questions/54124033/deleting-package-lock-json-to-resolve-conflicts-quickly,Deleting `package-lock.json` to Resolve Conflicts quickly
147,11641618,https://stackoverflow.com/users/11641618/jun-king,registered,1,spring-boot&drools,0,93,1,1560909400,1582109719,1560906342,56658807,https://stackoverflow.com/questions/56658807/getting-unable-to-resolve-method-using-strict-mode-org-drools-core-spi-knowled,Getting &quot;unable to resolve method using strict-mode: org.drools.core.spi.KnowledgeHelper.throw()&quot; when throwing an exception on DRL file
148,11039513,https://stackoverflow.com/users/11039513/brian-omondi,registered,43,react-native&expo,2,6411,3,1562497760,1582109621,1562483431,56920061,https://stackoverflow.com/questions/56920061/errors-after-running-expo-start,errors after running expo start
149,12177348,https://stackoverflow.com/users/12177348/chrisphils26,registered,27,excel&vba,0,40,1,1582109605,1582109605,1574348812,58977976,https://stackoverflow.com/questions/58977976/reordering-columns-based-on-numerical-column-header,Reordering Columns Based on Numerical Column Header
150,11896931,https://stackoverflow.com/users/11896931/kash27,registered,11,ansible&vmware&vcenter,1,115,1,NO-DATA,1582109570,1565227232,57404054,https://stackoverflow.com/questions/57404054/is-there-a-vmware-ansible-module-that-can-give-all-vms-in-a-specific-data-center,Is there a vmware ansible module that can give all VMs in a specific Data Center with its folder structure too?
151,10194070,https://stackoverflow.com/users/10194070/judy,registered,593,apache-kafka&apache-zookeeper&disk&ssd,0,187,1,1582109492,1582109492,1552575291,55165647,https://stackoverflow.com/questions/55165647/does-zookeeper-require-ssd-disks-for-apache-kafka-clusters,Does Zookeeper require SSD disks for Apache Kafka Clusters?
152,11886565,https://stackoverflow.com/users/11886565/fortnite50,registered,1,python&python-requests&pyinstaller&instagram-api,0,66,4,NO-DATA,1582109455,1568532170,57942006,https://stackoverflow.com/questions/57942006/requests-packages-urllib3-exceptions-sslerror-error-2-no-such-file-or-directo,requests.packages.urllib3.exceptions.SSLError: [Error 2] no such file or directory
153,11273819,https://stackoverflow.com/users/11273819/hvid-kanin,registered,7,javascript&function&key&p5.js,0,44,2,1576746238,1582109435,1576746059,59406260,https://stackoverflow.com/questions/59406260/how-to-transform-a-ellipse-to-a-rect-in-javascript,How to transform a ellipse to a rect in Javascript
154,8922648,https://stackoverflow.com/users/8922648/dwagner6,registered,67,python&recursion,1,61,3,1554225180,1582109355,1554221713,55479298,https://stackoverflow.com/questions/55479298/recursive-summation-of-a-sequence-returning-wrong-result,Recursive summation of a sequence returning wrong result
155,6395770,https://stackoverflow.com/users/6395770/information-interchange,registered,916,python&pytorch&tensor,6,2319,4,NO-DATA,1582109290,1554262249,55486631,https://stackoverflow.com/questions/55486631/iterate-over-two-pytorch-tensors-at-once,Iterate over two Pytorch tensors at once?
156,5230311,https://stackoverflow.com/users/5230311/tj3n,registered,8069,ios&swift&mapkit,0,69,2,1577686315,1582109226,1577676666,59525403,https://stackoverflow.com/questions/59525403/ios-13-2-mktileoverlay-occasionally-wont-render,iOS 13.2 MKTileOverlay occasionally won&#39;t render
157,11833029,https://stackoverflow.com/users/11833029/mactrix,registered,244,flutter&ios13&xcode11,1,2489,2,NO-DATA,1582109191,1569590483,58135432,https://stackoverflow.com/questions/58135432/flutter-cannot-install-app-on-iphone-after-upgrade-to-ios-13-1-and-xcode-11,Flutter cannot install app on iPhone after upgrade to iOS 13.1 and Xcode 11
158,8705336,https://stackoverflow.com/users/8705336/dan674,registered,624,android&ios&react-native&security&geolocation,0,77,1,NO-DATA,1582109105,1572855308,58689434,https://stackoverflow.com/questions/58689434/verifying-signing-that-a-request-to-my-api-came-from-my-app-and-was-not-spoofed,Verifying/signing that a request to my API came from my app and was not spoofed (React Native)
159,2515787,https://stackoverflow.com/users/2515787/or-rapaport,registered,53,java&android,0,165,2,1570092338,1582108988,1570088931,58214591,https://stackoverflow.com/questions/58214591/error-inflating-class-androidx-appcompat-widget-searchview-on-android-5-1-1,Error inflating class androidx.appcompat.widget.SearchView on Android 5.1.1
160,2498528,https://stackoverflow.com/users/2498528/anking,registered,775,reactjs&material-ui,2,201,1,1570823001,1582108974,1570816274,58346266,https://stackoverflow.com/questions/58346266/programmatically-open-tooltip-in-material-ui,Programmatically open Tooltip in Material-UI
161,7104821,https://stackoverflow.com/users/7104821/p-ent,registered,462,navigationview&swiftui-bug&observableobject,1,46,0,NO-DATA,1582108969,1577720904,59533407,https://stackoverflow.com/questions/59533407/swiftui-observableobject-created-multiple-times,SwiftUI - ObservableObject created multiple times
162,5062956,https://stackoverflow.com/users/5062956/michaell94,registered,324,javascript&reactjs&redirect&react-router&strapi,2,896,2,1552335115,1582108935,1552238413,55090339,https://stackoverflow.com/questions/55090339/strapi-custom-routes-to-redirect-to-public-directory,Strapi custom routes to redirect to public directory
163,9200273,https://stackoverflow.com/users/9200273/good-afternoon,registered,529,bitbucket&bitbucket-pipelines,0,258,2,NO-DATA,1582108620,1556565265,55909500,https://stackoverflow.com/questions/55909500/bitbucket-pipeline-php-extension-zip-is-missing,Bitbucket Pipeline - PHP extension zip is missing
164,4798514,https://stackoverflow.com/users/4798514/fpolig01,registered,365,python&python-3.x&amazon-web-services&amazon-s3&boto3,1,144,1,1575318610,1582108551,1575304302,59143045,https://stackoverflow.com/questions/59143045/how-to-filter-s3-objects-by-last-modified-date-with-boto3,How to filter s3 objects by last modified date with Boto3
165,1080389,https://stackoverflow.com/users/1080389/sven,registered,879,c++&windows-xp&visual-studio-2019,1,641,1,NO-DATA,1582108525,1573154307,58755564,https://stackoverflow.com/questions/58755564/visual-studio-2019-how-to-use-platform-toolset-v140-xp,Visual Studio 2019: How to use Platform Toolset v140_xp?
166,1588876,https://stackoverflow.com/users/1588876/ibad-ur-rahman,registered,790,java&android&kotlin,1,347,1,1546345117,1582108411,1546342066,53995053,https://stackoverflow.com/questions/53995053/set-video-as-set-wallpaper-in-android,set video as SET WALLPAPER in android?
167,7462273,https://stackoverflow.com/users/7462273/kabarto,registered,23,excel&vba&internet-explorer,0,309,1,1548872833,1582108344,1548672549,54400292,https://stackoverflow.com/questions/54400292/controlling-ie-save-print-output-as-dialogue-window-in-vba,Controlling IE &#39;Save Print Output As&#39; dialogue window in VBA
168,193189,https://stackoverflow.com/users/193189/punkouter,registered,4362,c#&asp.net-core&dependency-injection,5,520,2,NO-DATA,1582108338,1574445186,58999401,https://stackoverflow.com/questions/58999401/calling-buildserviceprovider-from-application-code-results-in-copy-of-singleto,Calling &#39;BuildServiceProvider&#39; from application code results in copy of Singleton warning. How do I avoid this?
169,1415713,https://stackoverflow.com/users/1415713/kurtanamo,registered,1420,python&azure&azure-functions&azure-data-factory,0,166,1,1574338159,1582108322,1574326153,58970695,https://stackoverflow.com/questions/58970695/functions-in-azure-data-factory-pipeline-debugging-internal-server-error,Functions in Azure Data Factory Pipeline debugging Internal Server Error
170,2642720,https://stackoverflow.com/users/2642720/sajjad,registered,422,swift&swiftui,17,6569,4,1575352514,1582108144,1561841191,56820779,https://stackoverflow.com/questions/56820779/how-can-i-create-a-button-with-image-in-swiftui,How can i create a button with image in SwiftUI?
171,514860,https://stackoverflow.com/users/514860/will,registered,3192,ruby-on-rails&actiontext,1,161,2,NO-DATA,1582107976,1573493076,58805984,https://stackoverflow.com/questions/58805984/add-buttons-to-rails-actiontext-toolbar,Add Buttons to Rails ActionText toolbar
172,10868864,https://stackoverflow.com/users/10868864/megan-rms,registered,49,python&statistics&logistic-regression,2,509,1,1569071573,1582107939,1569068588,58040232,https://stackoverflow.com/questions/58040232/unable-to-fix-valueerrorendog-must-be-in-the-unit-interval,Unable to fix ValueError(&quot;endog must be in the unit interval&quot;)
173,4567504,https://stackoverflow.com/users/4567504/hamza-khanzada,registered,674,mysql&asp.net-core-3.0&entity-framework-core-3.0,3,3469,1,NO-DATA,1582107833,1567884718,57836886,https://stackoverflow.com/questions/57836886/configure-mysql-with-efcore-3-0,Configure MySQL with EFcore 3.0
174,8852419,https://stackoverflow.com/users/8852419/sriteja-sugoor,registered,174,python&command-prompt&ansi-colors,2,45,1,1561645034,1582107697,1561642687,56792323,https://stackoverflow.com/questions/56792323/colored-text-in-command-prompt-after-cls-but-not-before-cls,Colored text in command prompt after &quot;cls&quot; but not before &quot;cls&quot;
175,10811808,https://stackoverflow.com/users/10811808/hakanviv,registered,123,c#&mysql&asp.net-core&entity-framework-core,0,559,0,NO-DATA,1582107643,1570608100,58299572,https://stackoverflow.com/questions/58299572/ef-core-3-with-pomelo-mysql-provider-does-not-scaffold-views,EF Core 3 With Pomelo MySQL Provider Does Not Scaffold Views
176,4910839,https://stackoverflow.com/users/4910839/pavan,registered,681,hyperledger-fabric&blockchain&raft,4,43,1,1576055993,1582107618,1575607573,59207030,https://stackoverflow.com/questions/59207030/can-we-migrate-from-kafka1-4-0-to-raft1-4-3-if-channel-capabilities-are-disa,Can we migrate from Kafka(1.4.0) to RAFT(1.4.3) if channel capabilities are disabled?
177,6701921,https://stackoverflow.com/users/6701921/kirit,registered,159,json&logstash&logback&spring-logback&logstash-logback-encoder,1,1089,1,NO-DATA,1582107523,1563500225,57104502,https://stackoverflow.com/questions/57104502/how-do-i-wrap-some-of-the-methods-of-logstash-logback-encoder-into-an-inner-fiel,How do I wrap some of the methods of logstash logback encoder into an inner field?
178,11509150,https://stackoverflow.com/users/11509150/sanif,registered,25,python&django,-3,9044,9,1569867916,1582107398,1558002161,56166319,https://stackoverflow.com/questions/56166319/python-django-error-oserror-winerror-123-the-filename-directory-name-or-vol,"Python django error OSError: [WinError 123] The filename, directory name, or volume label syntax is incorrect: &#39;&lt;frozen importlib._bootstrap&gt;&#39;"
179,7702748,https://stackoverflow.com/users/7702748/twometer,registered,772,android,9,1135,2,NO-DATA,1582107335,1563704375,57132218,https://stackoverflow.com/questions/57132218/openglrenderer-davey,OpenGLRenderer: Davey
180,7481773,https://stackoverflow.com/users/7481773/atalanttore,registered,317,python-3.x&pyinstaller,0,184,0,NO-DATA,1582107149,1560280778,56550446,https://stackoverflow.com/questions/56550446/file-created-by-pyinstaller-does-nothing,File created by pyinstaller does nothing
181,2067298,https://stackoverflow.com/users/2067298/mani,registered,61,javascript&json&jsonschema&jsonpath,1,328,2,1547465633,1582107148,1547462087,54179784,https://stackoverflow.com/questions/54179784/deriving-the-list-of-json-paths-from-a-json-schema-model,Deriving the list of JSON Paths from a JSON Schema model
182,1011722,https://stackoverflow.com/users/1011722/trevor-reid,registered,1616,visual-studio&ssis&visual-studio-2017&sql-server-data-tools,3,367,3,NO-DATA,1582107088,1555532902,55735504,https://stackoverflow.com/questions/55735504/ssis-ssdt-warnings-dont-appear-in-error-list,SSIS/SSDT Warnings Don&#39;t Appear in Error List
183,9011042,https://stackoverflow.com/users/9011042/malo-maisonneuve,registered,61,python&image&opencv&image-processing&sudoku,2,165,2,1575495515,1582107042,1575485186,59182827,https://stackoverflow.com/questions/59182827/how-to-get-the-cells-of-a-sudoku-grid-with-opencv,How to get the cells of a sudoku grid with OpenCV?
184,9937824,https://stackoverflow.com/users/9937824/andrew,registered,83,android&android-recyclerview,1,522,3,1562450925,1582107022,1562380268,56910791,https://stackoverflow.com/questions/56910791/recyclerview-reverse-layout-starting-scroll-position-issue,Recyclerview reverse layout starting scroll position issue
185,7333849,https://stackoverflow.com/users/7333849/lav-kushwaha,registered,111,android&google-maps&flutter&google-maps-flutter,10,1462,5,NO-DATA,1582106922,1577516045,59508799,https://stackoverflow.com/questions/59508799/flutter-google-maps-trying-to-create-an-already-created-platform-view-view-id,"Flutter Google Maps, Trying to create an already created platform view, view id: 0"
186,11656475,https://stackoverflow.com/users/11656475/steven-hahn,registered,21,r&dplyr,0,54,2,1561087627,1582106908,1561087019,56696414,https://stackoverflow.com/questions/56696414/add-new-variable-created-with-mutate-to-data-frame-instead-of-creating-a-tibble,Add new variable created with mutate_ to data frame instead of creating a tibble
187,10707475,https://stackoverflow.com/users/10707475/jo,registered,110,azure&azure-sql-database&azure-sql-server,0,1118,3,NO-DATA,1582106729,1550874719,54836106,https://stackoverflow.com/questions/54836106/permission-issue-on-bulk-insert-in-azure-sql-server,Permission Issue on Bulk Insert in Azure SQL Server
188,6315565,https://stackoverflow.com/users/6315565/germ%c3%a1n-fajardo-sanchez,registered,11,angular&sorting&null&angular-material&mat-table,0,324,2,NO-DATA,1582106702,1565969556,57527371,https://stackoverflow.com/questions/57527371/how-to-ignore-null-values-sorting-in-angular-material-table,How to ignore NULL values Sorting in Angular Material Table
189,9802022,https://stackoverflow.com/users/9802022/esteban-chornet,registered,231,angular&angular-gridster2,1,66,2,1571650376,1582106696,1571648943,58483093,https://stackoverflow.com/questions/58483093/gridster2-grid-not-resizing-items-when-toggling-material-sidebar,Gridster2 grid not resizing items when toggling material sidebar
190,1378817,https://stackoverflow.com/users/1378817/guilherme-sim%c3%a3o-couto,registered,546,javascript&windows&google-chrome&google-chrome-extension&chromecast,2,3221,2,NO-DATA,1582106693,1553891075,55425009,https://stackoverflow.com/questions/55425009/why-am-i-getting-this-error-chrome-extension-invalid,Why am I getting this error chrome-extension://invalid
191,1750180,https://stackoverflow.com/users/1750180/rohit-bansal,registered,927,react-native,-1,55,0,NO-DATA,1582106583,1554267815,55487420,https://stackoverflow.com/questions/55487420/image-gallery-sync-component-in-react-native,Image Gallery sync component in react native
192,11522837,https://stackoverflow.com/users/11522837/sneha-bhattacharya,registered,1,python,0,194,2,1558259366,1582106483,1558249348,56205497,https://stackoverflow.com/questions/56205497/how-to-find-the-z-score-of-just-one-value,How to find the Z score of just one value?
193,8450963,https://stackoverflow.com/users/8450963/mtlj1991,registered,37,vue.js&vuetify.js,1,1229,3,NO-DATA,1582106452,1561984033,56835707,https://stackoverflow.com/questions/56835707/min-max-validation-vuetify,Min / Max validation - Vuetify
194,10925167,https://stackoverflow.com/users/10925167/ozwaldsux,registered,13,python&pandas&scikit-learn&nlp&valueerror,0,495,1,NO-DATA,1582106311,1568644156,57958995,https://stackoverflow.com/questions/57958995/valueerror-found-input-variables-with-inconsistent-numbers-of-samples-on-binary,ValueError: Found input variables with inconsistent numbers of samples on binary SVM
195,4459027,https://stackoverflow.com/users/4459027/sheikh-rahman,registered,657,python&list,3,472,5,NO-DATA,1582106291,1552855136,55211695,https://stackoverflow.com/questions/55211695/find-consecutive-integers-in-a-list-unsorted-python,find consecutive integers in a list unsorted-Python
196,2612235,https://stackoverflow.com/users/2612235/nowox,registered,14654,c&for-loop,1,153,4,1576690489,1582106222,1576581202,59373055,https://stackoverflow.com/questions/59373055/for-loop-why-is-the-last-condition-always-executed,"For loop, why is the last condition always executed?"
197,11193487,https://stackoverflow.com/users/11193487/lionlollipop,registered,21,java&android&google-cloud-firestore&firebase-authentication,1,74,1,1582106216,1582106216,1566324799,57579420,https://stackoverflow.com/questions/57579420/java-lang-nullpointerexception-attempt-to-invoke-virtual-method-firebaseaut,java.lang.NullPointerException: Attempt to invoke virtual method ... FirebaseAuth.getCurrentUser()&#39; on a null object reference
198,9096568,https://stackoverflow.com/users/9096568/yiruchuxia,registered,51,ios&ios13,5,1686,3,1567678011,1582106084,1567677497,57802941,https://stackoverflow.com/questions/57802941/when-i-use-the-apple-to-log-in-the-selection-box-will-pop-up-i-choose-to-use-t,"When I use the apple to log in, the selection box will pop up. I choose to use the password to continue and the prompt is not complete"
199,11598408,https://stackoverflow.com/users/11598408/daniele,registered,1,java&spring-boot&terminal&spring-shell&jansi,0,82,1,1559656546,1582105817,1559646983,56442779,https://stackoverflow.com/questions/56442779/how-to-mask-an-input-string-in-spring-shell,How to mask an input string in Spring-Shell
